FName, LName, ID, Hours, HRate
UfUU,DbwP,28850,13,8.50
JcRx,sBAw,17899,15,8.50
dmCu,SsvS,15808,17,8.50
BInB,yTyW,37159,17,8.50
AkSb,WABx,16084,15,8.50
TpoB,LMDm,21838,6,8.50
VbLu,UTNP,36085,17,8.50
yWue,Mgfc,35614,9,8.50
NUrT,rxgS,42699,7,8.50
LaIn,bioj,38904,5,8.50
LPRz,LfEX,40908,7,8.50
OgFA,UZkn,17321,14,8.50
TIov,Kljt,39012,5,8.50
HPDM,harX,14876,12,8.50
ehvg,GSOK,36621,14,8.50
aWLG,lNrM,32565,10,8.50
CIfV,SDEi,26306,16,8.50
HeSc,fcjF,10599,14,8.50
NHqB,BEjr,39615,11,8.50
rUOC,wBdQ,26120,3,8.50
FDtu,pjwt,20318,10,8.50
eQyZ,SGhQ,22146,17,8.50

